<?xml version="1.0" encoding="UTF-8"?>
<project-private xmlns="http://www.netbeans.org/ns/project-private/1">
    <editor-bookmarks xmlns="http://www.netbeans.org/ns/editor-bookmarks/2" lastBookmarkId="0"/>
    <open-files xmlns="http://www.netbeans.org/ns/projectui-open-files/2">
        <group>
            <file>file:/C:/Users/Nirda/Desktop/3010%20-%20GEM/GEM/src/gem/GetData.java</file>
            <file>file:/C:/Users/Nirda/Desktop/3010%20-%20GEM/GEM/src/gem/Report.java</file>
            <file>file:/C:/Users/Nirda/Desktop/3010%20-%20GEM/GEM/src/gem/MainWindow.java</file>
            <file>file:/C:/Users/Nirda/Desktop/3010%20-%20GEM/GEM/src/gem/Login.java</file>
            <file>file:/C:/Users/Nirda/Desktop/3010%20-%20GEM/GEM/src/gem/LinkJavaMySQL.java</file>
            <file>file:/C:/Users/Nirda/Desktop/3010%20-%20GEM/GEM/src/gem/OptimalConditions.java</file>
            <file>file:/C:/Users/Nirda/Desktop/3010%20-%20GEM/GEM/src/gem/ControlPi.java</file>
        </group>
    </open-files>
</project-private>
